{
    "rmse": 0.7134337593846681,
    "mae": 0.5663099262275655,
    "r2": 0.2702684888462501
}